Standard,,,,,,
Source:,/home/david/Desktop/Pumpkin-main/Shocksoc-Pumpkin.kicad_sch,,,,,
Date:,Wed 21 Sep 2022 12:20:54 BST,,,,,
Tool:,Eeschema (6.0.7),,,,,
Generator:,/usr/share/kicad/plugins/bom_csv_grouped_by_value_with_fp.py,,,,,
Component Count:,44,,,,,
Ref,Qnty,Value,Cmp name,Footprint,Description,
"C1, C3, C4, C7, ",4,10n,C,Capacitor_SMD:C_0805_2012Metric_Pad1.18x1.45mm_HandSolder,Unpolarized capacitor,
"C2, C8, ",2,1u,C,Capacitor_SMD:C_0805_2012Metric_Pad1.18x1.45mm_HandSolder,Unpolarized capacitor,
"C5, ",1,4u7,C_Polarized,Capacitor_SMD:C_0805_2012Metric_Pad1.18x1.45mm_HandSolder,Polarized capacitor,
"D1, D2, D3, D4, D5, D6, D7, D8, D9, D10, D11, D12, D13, D14, D15, D16, D17, D18, D19, D20, ",20,WS2813B,WS2813B_8,LED_SMD:LED_WS2812_PLCC6_5.0x5.0mm_P1.6mm,RGB LED with integrated controller,
"J1, ",1,USB_B_Micro,USB_B_Micro,Connector_USB:USB_Micro-B_Molex-105133-0001,USB Micro Type B connector,
"J2, ",1,Conn_01x03_Male,Conn_01x03_Male,Connector_PinHeader_2.54mm:PinHeader_1x03_P2.54mm_Vertical,"Generic connector, single row, 01x03, script generated (kicad-library-utils/schlib/autogen/connector/)",
"J3, ",1,Conn_01x02_Male,Conn_01x02_Male,Connector_PinHeader_2.54mm:PinHeader_1x02_P2.54mm_Vertical,"Generic connector, single row, 01x02, script generated (kicad-library-utils/schlib/autogen/connector/)",
"J4, ",1,Conn_ARM_JTAG_SWD_10,Conn_ARM_JTAG_SWD_10,Connector_PinHeader_1.27mm:PinHeader_2x05_P1.27mm_Vertical_SMD,"Cortex Debug Connector, standard ARM Cortex-M SWD and JTAG interface",
"JP1, JP2, ",2,SolderJumper_2_Open,SolderJumper_2_Open,Jumper:SolderJumper-2_P1.3mm_Open_RoundedPad1.0x1.5mm,"Solder Jumper, 2-pole, open",
"Q1, ",1,BSN20,BSN20,Package_TO_SOT_SMD:SOT-23,"0.5A Id, 50V Vds, N-Channel MOSFET, SOT-23",
"R1, R2, R3, ",3,10k,R,Resistor_SMD:R_0805_2012Metric_Pad1.20x1.40mm_HandSolder,Resistor,
"SW1, SW2, SW3, SW4, ",4,SW_Push,SW_Push,Button_Switch_SMD:SW_Push_1P1T_NO_6x6mm_H9.5mm,"Push button switch, generic, two pins",
"U1, ",1,AP2202K-3.3,AP2204K-ADJ,Package_TO_SOT_SMD:SOT-23-5,"150mA low dropout adjustable linear regulator, wide input voltage range, SOT-23-5 package",
"U2, ",1,STM32L011F4Px,STM32L011F4Px,Package_SO:TSSOP-20_4.4x6.5mm_P0.65mm,"ARM Cortex-M0+ MCU, 16KB flash, 2KB RAM, 32MHz, 1.65-3.6V, 16 GPIO, TSSOP-20",
"U3, ",1,FT231XQ,FT231XQ,Package_DFN_QFN:QFN-20-1EP_4x4mm_P0.5mm_EP2.5x2.5mm,"Full Speed USB to Full Handshake UART, QFN-20",
,,,,,,
,,,,,,
RP2040,,,,,,
Source:,/home/david/Desktop/Pumpkin-rp2040/Shocksoc-Pumpkin.kicad_sch,,,,,
Date:,Wed 21 Sep 2022 14:40:01 BST,,,,,
Tool:,Eeschema (6.0.7),,,,,
Generator:,/usr/share/kicad/plugins/bom_csv_grouped_by_value_with_fp.py,,,,,
Component Count:,71,,,,,
Ref,Qnty,Value,Cmp name,Footprint,Description,Vendor
"C1, C3, C5, C7, ",4,10n,C,Capacitor_SMD:C_0805_2012Metric_Pad1.18x1.45mm_HandSolder,Unpolarized capacitor,
"C2, C4, ",2,1u,C,Capacitor_SMD:C_0805_2012Metric_Pad1.18x1.45mm_HandSolder,Unpolarized capacitor,
"C6, ",1,4u7,C_Polarized,Capacitor_SMD:C_0805_2012Metric_Pad1.18x1.45mm_HandSolder,Polarized capacitor,
"C8, C9, ",2,20p,C,Capacitor_SMD:C_0603_1608Metric_Pad1.08x0.95mm_HandSolder,Unpolarized capacitor,
"C10, C11, ",2,1u,C,Capacitor_SMD:C_0603_1608Metric_Pad1.08x0.95mm_HandSolder,Unpolarized capacitor,
"D1, D2, D3, D4, D5, D6, D7, D8, D9, D10, D11, D12, D13, D14, D15, D16, D17, D18, D19, D20, ",20,WS2813B,WS2813B_8,LED_SMD:LED_WS2812_PLCC6_5.0x5.0mm_P1.6mm,RGB LED with integrated controller,
"J1, ",1,USB_B_Micro,USB_B_Micro,Connector_USB:USB_Micro-B_Molex-105133-0001,USB Micro Type B connector,
"J2, ",1,Conn_ARM_JTAG_SWD_10,Conn_ARM_JTAG_SWD_10,Connector_PinHeader_1.27mm:PinHeader_2x05_P1.27mm_Vertical_SMD,"Cortex Debug Connector, standard ARM Cortex-M SWD and JTAG interface",
"J3, ",1,Conn_01x03_Male,Conn_01x03_Male,Connector_PinHeader_2.54mm:PinHeader_1x03_P2.54mm_Vertical_SMD_Pin1Left,"Generic connector, single row, 01x03, script generated (kicad-library-utils/schlib/autogen/connector/)",
"J4, ",1,Conn_01x02_Male,Conn_01x02_Male,Connector_PinHeader_2.54mm:PinHeader_1x02_P2.54mm_Vertical,"Generic connector, single row, 01x02, script generated (kicad-library-utils/schlib/autogen/connector/)",
"JP1, JP2, ",2,SolderJumper_2_Open,SolderJumper_2_Open,Jumper:SolderJumper-2_P1.3mm_Open_RoundedPad1.0x1.5mm,"Solder Jumper, 2-pole, open",
"Q1, ",1,BSN20,BSN20,Package_TO_SOT_SMD:SOT-23,"0.5A Id, 50V Vds, N-Channel MOSFET, SOT-23",
"R1, R4, ",2,27,R,Resistor_SMD:R_0603_1608Metric_Pad0.98x0.95mm_HandSolder,Resistor,
"R2, R3, ",2,10k,R,Resistor_SMD:R_0805_2012Metric_Pad1.20x1.40mm_HandSolder,Resistor,
"SW1, SW2, SW3, SW4, ",4,SW_Push,SW_Push,Button_Switch_SMD:SW_Push_1P1T_NO_6x6mm_H9.5mm,"Push button switch, generic, two pins",
"TP1, TP2, TP3, TP4, TP5, TP6, TP7, TP8, TP9, TP10, TP11, TP12, TP13, TP14, TP15, TP16, TP17, TP18, TP19, TP20, TP21, ",21,TestPoint,TestPoint,TestPoint:TestPoint_Pad_D1.0mm,test point,
"U1, ",1,AP2202K-3.3,AP2204K-ADJ,Package_TO_SOT_SMD:SOT-23-5,"150mA low dropout adjustable linear regulator, wide input voltage range, SOT-23-5 package",
"U3, ",1,W25Q32JVSS,W25Q32JVSS,Package_SO:SOIC-8_5.23x5.23mm_P1.27mm,"32Mb Serial Flash Memory, Standard/Dual/Quad SPI, SOIC-8",
"U4, ",1,RP2040,RP2040,Package_DFN_QFN:QFN-56-1EP_7x7mm_P0.4mm_EP3.2x3.2mm,A microcontroller by Raspberry Pi,
"Y1, ",1,ABM8G-106-12.000MHZ-T,Crystal_GND24,Crystal:Crystal_SMD_Abracon_ABM8G-4Pin_3.2x2.5mm,"Four pin crystal, GND on pins 2 and 4",
,,,,,,
,,,,,,
Combined (to produce 1 of each),,,,,,
Quantity,,,,,Distributor Link,
8,10n,C,Capacitor_SMD:C_0805_2012Metric_Pad1.18x1.45mm_HandSolder,Unpolarized capacitor,,
6,1u,C,Capacitor_SMD:C_0805_2012Metric_Pad1.18x1.45mm_HandSolder,Unpolarized capacitor,,
2,4u7,C_Polarized,Capacitor_SMD:C_0805_2012Metric_Pad1.18x1.45mm_HandSolder,Polarized capacitor,,
2,20p,C,Capacitor_SMD:C_0603_1608Metric_Pad1.08x0.95mm_HandSolder,Unpolarized capacitor,,
40,WS2813B,WS2813B_8,LED_SMD:LED_WS2812_PLCC6_5.0x5.0mm_P1.6mm,RGB LED with integrated controller,,
2,USB_B_Micro,USB_B_Micro,Connector_USB:USB_Micro-B_Molex-105133-0001,USB Micro Type B connector,,
2,Conn_01x03_Male,Conn_01x03_Male,Connector_PinHeader_2.54mm:PinHeader_1x03_P2.54mm_Vertical,"Generic connector, single row, 01x03, script generated (kicad-library-utils/schlib/autogen/connector/)",,
2,Conn_01x02_Male,Conn_01x02_Male,Connector_PinHeader_2.54mm:PinHeader_1x02_P2.54mm_Vertical,"Generic connector, single row, 01x02, script generated (kicad-library-utils/schlib/autogen/connector/)",,
2,Conn_ARM_JTAG_SWD_10,Conn_ARM_JTAG_SWD_10,Connector_PinHeader_1.27mm:PinHeader_2x05_P1.27mm_Vertical_SMD,"Cortex Debug Connector, standard ARM Cortex-M SWD and JTAG interface",,
2,27,R,Resistor_SMD:R_0603_1608Metric_Pad0.98x0.95mm_HandSolder,Resistor,,
5,10k,R,Resistor_SMD:R_0805_2012Metric_Pad1.20x1.40mm_HandSolder,Resistor,,
8,SW_Push,SW_Push,Button_Switch_SMD:SW_Push_1P1T_NO_6x6mm_H9.5mm,"Push button switch, generic, two pins",,
2,AP2202K-3.3,AP2204K-ADJ,Package_TO_SOT_SMD:SOT-23-5,"150mA low dropout adjustable linear regulator, wide input voltage range, SOT-23-5 package",,
1,STM32L011F4Px,STM32L011F4Px,Package_SO:TSSOP-20_4.4x6.5mm_P0.65mm,"ARM Cortex-M0+ MCU, 16KB flash, 2KB RAM, 32MHz, 1.65-3.6V, 16 GPIO, TSSOP-20",,
1,FT231XQ,FT231XQ,Package_DFN_QFN:QFN-20-1EP_4x4mm_P0.5mm_EP2.5x2.5mm,"Full Speed USB to Full Handshake UART, QFN-20",,
1,W25Q32JVSS,W25Q32JVSS,Package_SO:SOIC-8_5.23x5.23mm_P1.27mm,"32Mb Serial Flash Memory, Standard/Dual/Quad SPI, SOIC-8",,
1,RP2040,RP2040,Package_DFN_QFN:QFN-56-1EP_7x7mm_P0.4mm_EP3.2x3.2mm,A microcontroller by Raspberry Pi,,
1,ABM8G-106-12.000MHZ-T,Crystal_GND24,Crystal:Crystal_SMD_Abracon_ABM8G-4Pin_3.2x2.5mm,"Four pin crystal, GND on pins 2 and 4",,
